{
  "reports": [
    [
      1652918400000,
      {
        "tickets": [
          "DXTF-28722",
          "DXTF-28718",
          "DXTF-28717",
          "DXTF-28715",
          "DXTF-28710",
          "DXTF-28703",
          "DXTF-28668",
          "DXTF-28665",
          "DXTF-28648",
          "DXTF-28645",
          "DXTF-28641",
          "DXTF-28583",
          "DXTF-28582",
          "DXTF-28578",
          "DXTF-28495",
          "DXTF-28423",
          "DXTF-28367",
          "DXTF-28339",
          "DXTF-28338",
          "DXTF-28060",
          "DXTF-27976",
          "DXTF-27973",
          "DXTF-27967",
          "DXTF-27931",
          "DXTF-27672",
          "DXTF-27420",
          "DXTF-25812",
          "DXTF-25178",
          "DXTF-24692",
          "DXTF-22992",
          "DXTF-21976",
          "DXTF-21888",
          "DXTF-21811",
          "DXTF-21587",
          "DXTF-21088"
        ],
        "eta": 48.7,
        "logged": 566619
      }
    ],
    [
      1651622400000,
      {
        "eta": 49.800000000000004,
        "logged": 11.799999999999999,
        "tickets": [
          "DXTF-22992",
          "DXTF-22986",
          "DXTF-28273",
          "DXTF-28343",
          "DXTF-28631",
          "DXTF-27420",
          "DXTF-28060",
          "DXTF-28338",
          "DXTF-21976",
          "DXTF-28645",
          "DXTF-28667",
          "DXTF-28629",
          "DXTF-21811",
          "DXTF-28495",
          "DXTF-28583",
          "DXTF-28668",
          "DXTF-28665",
          "DXTF-28641",
          "DXTF-28582",
          "DXTF-28578",
          "DXTF-28423",
          "DXTF-28392",
          "DXTF-28385",
          "DXTF-28367",
          "DXTF-28339",
          "DXTF-27976",
          "DXTF-27973",
          "DXTF-27967",
          "DXTF-27931",
          "DXTF-27672",
          "DXTF-25812",
          "DXTF-25178",
          "DXTF-24692",
          "DXTF-21888",
          "DXTF-21587",
          "DXTF-21088"
        ]
      }
    ],
    [
      1651708800000,
      {
        "eta": 49.300000000000004,
        "logged": 12.5,
        "tickets": [
          "DXTF-22992",
          "DXTF-22986",
          "DXTF-28273",
          "DXTF-28343",
          "DXTF-27420",
          "DXTF-28060",
          "DXTF-28629",
          "DXTF-28338",
          "DXTF-21976",
          "DXTF-28645",
          "DXTF-28667",
          "DXTF-21811",
          "DXTF-28385",
          "DXTF-28495",
          "DXTF-28583",
          "DXTF-28668",
          "DXTF-28665",
          "DXTF-28641",
          "DXTF-28582",
          "DXTF-28578",
          "DXTF-28423",
          "DXTF-28392",
          "DXTF-28367",
          "DXTF-28339",
          "DXTF-27976",
          "DXTF-27973",
          "DXTF-27967",
          "DXTF-27931",
          "DXTF-27672",
          "DXTF-25812",
          "DXTF-25178",
          "DXTF-24692",
          "DXTF-21888",
          "DXTF-21587",
          "DXTF-21088"
        ]
      }
    ],
    [
      1651795200000,
      {
        "eta": 46.800000000000004,
        "logged": 10.099999999999998,
        "tickets": [
          "DXTF-22992",
          "DXTF-22986",
          "DXTF-27420",
          "DXTF-28060",
          "DXTF-28629",
          "DXTF-28645",
          "DXTF-28338",
          "DXTF-21976",
          "DXTF-28667",
          "DXTF-21811",
          "DXTF-28385",
          "DXTF-28495",
          "DXTF-28583",
          "DXTF-28668",
          "DXTF-28665",
          "DXTF-28641",
          "DXTF-28582",
          "DXTF-28578",
          "DXTF-28423",
          "DXTF-28392",
          "DXTF-28367",
          "DXTF-28339",
          "DXTF-27976",
          "DXTF-27973",
          "DXTF-27967",
          "DXTF-27931",
          "DXTF-27672",
          "DXTF-25812",
          "DXTF-25178",
          "DXTF-24692",
          "DXTF-21888",
          "DXTF-21587",
          "DXTF-21088"
        ]
      }
    ],
    [
      1652313600000,
      {
        "eta": 52.2,
        "logged": 13.1,
        "tickets": [
          "DXTF-22992",
          "DXTF-28629",
          "DXTF-28645",
          "DXTF-27420",
          "DXTF-28060",
          "DXTF-28338",
          "DXTF-21976",
          "DXTF-28648",
          "DXTF-21811",
          "DXTF-28495",
          "DXTF-28583",
          "DXTF-28722",
          "DXTF-28718",
          "DXTF-28717",
          "DXTF-28715",
          "DXTF-28710",
          "DXTF-28703",
          "DXTF-28668",
          "DXTF-28665",
          "DXTF-28641",
          "DXTF-28582",
          "DXTF-28578",
          "DXTF-28423",
          "DXTF-28392",
          "DXTF-28367",
          "DXTF-28339",
          "DXTF-27976",
          "DXTF-27973",
          "DXTF-27967",
          "DXTF-27931",
          "DXTF-27672",
          "DXTF-25812",
          "DXTF-25178",
          "DXTF-24692",
          "DXTF-21888",
          "DXTF-21587",
          "DXTF-21088"
        ]
      }
    ],
    [
      1652400000000,
      {
        "eta": 52.2,
        "logged": 16.3,
        "tickets": [
          "DXTF-22992",
          "DXTF-21811",
          "DXTF-28629",
          "DXTF-27420",
          "DXTF-28645",
          "DXTF-28060",
          "DXTF-28338",
          "DXTF-21976",
          "DXTF-28648",
          "DXTF-28583",
          "DXTF-28578",
          "DXTF-28495",
          "DXTF-28722",
          "DXTF-28718",
          "DXTF-28717",
          "DXTF-28715",
          "DXTF-28710",
          "DXTF-28703",
          "DXTF-28668",
          "DXTF-28665",
          "DXTF-28641",
          "DXTF-28582",
          "DXTF-28423",
          "DXTF-28392",
          "DXTF-28367",
          "DXTF-28339",
          "DXTF-27976",
          "DXTF-27973",
          "DXTF-27967",
          "DXTF-27931",
          "DXTF-27672",
          "DXTF-25812",
          "DXTF-25178",
          "DXTF-24692",
          "DXTF-21888",
          "DXTF-21587",
          "DXTF-21088"
        ]
      }
    ],
    [
      1652745600000,
      {
        "eta": 49.2,
        "logged": 17.599999999999998,
        "tickets": [
          "DXTF-22992",
          "DXTF-21811",
          "DXTF-27420",
          "DXTF-28645",
          "DXTF-28392",
          "DXTF-28060",
          "DXTF-28641",
          "DXTF-28578",
          "DXTF-28338",
          "DXTF-21976",
          "DXTF-28648",
          "DXTF-28583",
          "DXTF-28495",
          "DXTF-28722",
          "DXTF-28718",
          "DXTF-28717",
          "DXTF-28715",
          "DXTF-28710",
          "DXTF-28703",
          "DXTF-28668",
          "DXTF-28665",
          "DXTF-28582",
          "DXTF-28423",
          "DXTF-28367",
          "DXTF-28339",
          "DXTF-27976",
          "DXTF-27973",
          "DXTF-27967",
          "DXTF-27931",
          "DXTF-27672",
          "DXTF-25812",
          "DXTF-25178",
          "DXTF-24692",
          "DXTF-21888",
          "DXTF-21587",
          "DXTF-21088"
        ]
      }
    ],
    [
      1652832000000,
      {
        "eta": 48.7,
        "logged": 19.199999999999996,
        "tickets": [
          "DXTF-22992",
          "DXTF-21811",
          "DXTF-27420",
          "DXTF-28645",
          "DXTF-28641",
          "DXTF-28060",
          "DXTF-28578",
          "DXTF-28338",
          "DXTF-21976",
          "DXTF-28648",
          "DXTF-28583",
          "DXTF-28495",
          "DXTF-28722",
          "DXTF-28718",
          "DXTF-28717",
          "DXTF-28715",
          "DXTF-28710",
          "DXTF-28703",
          "DXTF-28668",
          "DXTF-28665",
          "DXTF-28582",
          "DXTF-28423",
          "DXTF-28367",
          "DXTF-28339",
          "DXTF-27976",
          "DXTF-27973",
          "DXTF-27967",
          "DXTF-27931",
          "DXTF-27672",
          "DXTF-25812",
          "DXTF-25178",
          "DXTF-24692",
          "DXTF-21888",
          "DXTF-21587",
          "DXTF-21088"
        ]
      }
    ]
  ],